BEGIN;
INSERT INTO tenants(id,name,slug) VALUES('10000000-0000-4000-8000-000000000001','Nailsoft Demo','nailsoft-demo');
INSERT INTO branches(id,tenant_id,name,code,timezone) VALUES('20000000-0000-4000-8000-000000000001','10000000-0000-4000-8000-000000000001','Quận 1','Q1','Asia/Ho_Chi_Minh'),('20000000-0000-4000-8000-000000000002','10000000-0000-4000-8000-000000000001','Thủ Đức','TD','Asia/Ho_Chi_Minh'),('20000000-0000-4000-8000-000000000003','10000000-0000-4000-8000-000000000001','New York DST Lab','NYC','America/New_York');
INSERT INTO users(id,origin_tenant_id,email,display_name) SELECT ('30000000-0000-4000-8000-'||lpad(n::text,12,'0'))::uuid,'10000000-0000-4000-8000-000000000001',CASE WHEN n=1 THEN 'owner@example.test' ELSE 'staff'||n||'@example.test' END,CASE WHEN n=1 THEN 'Owner' WHEN n=2 THEN 'Manager' WHEN n<5 THEN 'Receptionist '||(n-2) ELSE 'Technician '||(n-4) END FROM generate_series(1,12)n;
INSERT INTO users(id,origin_tenant_id,email,display_name) VALUES
  ('30000000-0000-4000-8000-000000000013','10000000-0000-4000-8000-000000000001','manager-b@example.test','Manager Branch B'),
  ('30000000-0000-4000-8000-000000000014','10000000-0000-4000-8000-000000000001','technician-b@example.test','Technician Branch B'),
  ('30000000-0000-4000-8000-000000000015','10000000-0000-4000-8000-000000000001','platform-e2e@example.test','Platform Super Admin');
UPDATE users SET password_hash='scrypt$nailsoft-demo-owner$0fc74e8eecbefabd51c25bde52305b97aeacbf373d234e7d627beeb8f59382f6d18293e20bf7837189eba0ef54445494eac854f09522f4ac3c54c6116bbcd42a' WHERE email='owner@example.test';
UPDATE users SET password_hash='scrypt$nailsoft-demo-owner$0fc74e8eecbefabd51c25bde52305b97aeacbf373d234e7d627beeb8f59382f6d18293e20bf7837189eba0ef54445494eac854f09522f4ac3c54c6116bbcd42a' WHERE email IN ('manager-b@example.test','technician-b@example.test','platform-e2e@example.test') OR email LIKE 'staff%@example.test';
UPDATE users SET phone_e164='+84901234567',phone_verified_at=timestamptz '2026-07-11 00:00:00+07' WHERE email='owner@example.test';
INSERT INTO tenant_memberships(id,tenant_id,user_id,status,joined_at) SELECT ('90000000-0000-4000-8000-'||lpad(n::text,12,'0'))::uuid,'10000000-0000-4000-8000-000000000001',('30000000-0000-4000-8000-'||lpad(n::text,12,'0'))::uuid,'ACTIVE',now() FROM generate_series(1,12)n;
INSERT INTO tenant_memberships(id,tenant_id,user_id,status,joined_at) VALUES
  ('90000000-0000-4000-8000-000000000013','10000000-0000-4000-8000-000000000001','30000000-0000-4000-8000-000000000013','ACTIVE',now()),
  ('90000000-0000-4000-8000-000000000014','10000000-0000-4000-8000-000000000001','30000000-0000-4000-8000-000000000014','ACTIVE',now()),
  ('90000000-0000-4000-8000-000000000015','10000000-0000-4000-8000-000000000001','30000000-0000-4000-8000-000000000015','ACTIVE',now());
INSERT INTO membership_roles(membership_id,role) SELECT ('90000000-0000-4000-8000-'||lpad(n::text,12,'0'))::uuid,CASE WHEN n=1 THEN 'SALON_OWNER' WHEN n=2 THEN 'BRANCH_MANAGER' WHEN n<5 THEN 'RECEPTIONIST' ELSE 'NAIL_TECHNICIAN' END FROM generate_series(1,12)n;
INSERT INTO membership_roles(membership_id,role) VALUES ('90000000-0000-4000-8000-000000000013','BRANCH_MANAGER'),('90000000-0000-4000-8000-000000000014','NAIL_TECHNICIAN'),('90000000-0000-4000-8000-000000000015','PLATFORM_SUPER_ADMIN');
INSERT INTO membership_branches(membership_id,tenant_id,branch_id) SELECT ('90000000-0000-4000-8000-'||lpad(n::text,12,'0'))::uuid,'10000000-0000-4000-8000-000000000001','20000000-0000-4000-8000-000000000001' FROM generate_series(2,12)n;
INSERT INTO membership_branches(membership_id,tenant_id,branch_id) VALUES ('90000000-0000-4000-8000-000000000013','10000000-0000-4000-8000-000000000001','20000000-0000-4000-8000-000000000002'),('90000000-0000-4000-8000-000000000014','10000000-0000-4000-8000-000000000001','20000000-0000-4000-8000-000000000002');
INSERT INTO tenant_settings(tenant_id,booking_policy_json,cancellation_policy_json) VALUES('10000000-0000-4000-8000-000000000001','{"maxItems":5,"holdTtlMinutes":10,"activeHoldLimit":3,"minimumAdvanceMinutes":60,"maximumAdvanceDays":90,"contactVerificationRequired":true,"depositWaiverEnabled":true}','{"cancelWindowHours":24,"lateOutcome":"MANUAL_REVIEW","standardOutcome":"NO_FINANCIAL_ACTION","version":1}');
INSERT INTO branch_settings(tenant_id,branch_id,booking_policy_json) SELECT tenant_id,id,CASE code WHEN 'Q1' THEN '{"confirmationPolicy":"PUBLIC_AUTO_CONFIRM","holdTtlMinutes":10,"activeHoldLimit":3,"allowAnyTechnician":true,"allowCustomerSelectStaff":true,"hideStaffNamesOnPublicBooking":false,"pendingExpiryMinutes":30,"version":1}'::jsonb WHEN 'TD' THEN '{"confirmationPolicy":"PUBLIC_MANUAL_CONFIRM","holdTtlMinutes":8,"activeHoldLimit":3,"allowAnyTechnician":true,"allowCustomerSelectStaff":true,"hideStaffNamesOnPublicBooking":false,"pendingExpiryMinutes":20,"version":1}'::jsonb ELSE '{"confirmationPolicy":"INTERNAL_AUTO_CONFIRM","holdTtlMinutes":10,"activeHoldLimit":3,"allowAnyTechnician":true,"allowCustomerSelectStaff":false,"hideStaffNamesOnPublicBooking":true,"pendingExpiryMinutes":30,"version":1}'::jsonb END FROM branches;
INSERT INTO business_hours(tenant_id,branch_id,day_of_week,open_time,close_time,is_closed) SELECT tenant_id,id,day,CASE WHEN day=0 THEN NULL ELSE time '09:00' END,CASE WHEN day=0 THEN NULL ELSE time '20:00' END,day=0 FROM branches CROSS JOIN generate_series(0,6) day;
INSERT INTO service_categories(id,tenant_id,code,name_json) SELECT ('40000000-0000-4000-8000-'||lpad(n::text,12,'0'))::uuid,'10000000-0000-4000-8000-000000000001','CAT-'||n,jsonb_build_object('vi-VN','Danh mục '||n,'en-US','Category '||n) FROM generate_series(1,6)n;
INSERT INTO services(id,tenant_id,category_id,code,name_json,duration_minutes,base_price_minor,default_duration_min,status,online_booking_enabled) SELECT ('50000000-0000-4000-8000-'||lpad(n::text,12,'0'))::uuid,'10000000-0000-4000-8000-000000000001',('40000000-0000-4000-8000-'||lpad((((n-1)%6)+1)::text,12,'0'))::uuid,'SVC-'||n,jsonb_build_object('vi-VN','Dịch vụ '||n,'en-US','Service '||n),60,100000+n*10000,60,'ACTIVE',true FROM generate_series(1,30)n;
INSERT INTO skills(id,tenant_id,code,name_json) SELECT ('41000000-0000-4000-8000-'||lpad(n::text,12,'0'))::uuid,'10000000-0000-4000-8000-000000000001','SKILL-'||n,jsonb_build_object('vi-VN','Kỹ năng '||n,'en-US','Skill '||n) FROM generate_series(1,10)n;
INSERT INTO service_skill_requirements(tenant_id,service_id,skill_id,minimum_proficiency,is_required) SELECT '10000000-0000-4000-8000-000000000001',('50000000-0000-4000-8000-'||lpad(s::text,12,'0'))::uuid,('41000000-0000-4000-8000-'||lpad((((s+k-2)%10)+1)::text,12,'0'))::uuid,((s+k)%5)+1,true FROM generate_series(1,30)s CROSS JOIN generate_series(1,2)k;
INSERT INTO service_prices(id,tenant_id,service_id,branch_id,amount,currency,effective_from,effective_to,status) SELECT ('42000000-0000-4000-8000-'||lpad(n::text,12,'0'))::uuid,'10000000-0000-4000-8000-000000000001',('50000000-0000-4000-8000-'||lpad(n::text,12,'0'))::uuid,NULL,100000+n*10000,'VND',timestamptz '2026-01-01 00:00:00+07',NULL,'ACTIVE' FROM generate_series(1,30)n;
INSERT INTO service_prices(id,tenant_id,service_id,branch_id,amount,currency,effective_from,effective_to,status) SELECT ('43000000-0000-4000-8000-'||lpad(n::text,12,'0'))::uuid,'10000000-0000-4000-8000-000000000001',('50000000-0000-4000-8000-'||lpad(n::text,12,'0'))::uuid,'20000000-0000-4000-8000-000000000001',110000+n*10000,'VND',timestamptz '2026-01-01 00:00:00+07',NULL,'ACTIVE' FROM generate_series(1,30)n;
INSERT INTO service_prices(id,tenant_id,service_id,branch_id,amount,currency,effective_from,effective_to,status) SELECT ('44000000-0000-4000-8000-'||lpad(n::text,12,'0'))::uuid,'10000000-0000-4000-8000-000000000001',('50000000-0000-4000-8000-'||lpad(n::text,12,'0'))::uuid,'20000000-0000-4000-8000-000000000002',120000+n*10000,'VND',timestamptz '2026-01-01 00:00:00+07',NULL,'ACTIVE' FROM generate_series(1,30)n;
INSERT INTO resource_types(id,tenant_id,code,name_json) SELECT ('45000000-0000-4000-8000-'||lpad(n::text,12,'0'))::uuid,'10000000-0000-4000-8000-000000000001','RESOURCE-'||n,jsonb_build_object('vi-VN','Tài nguyên '||n,'en-US','Resource '||n) FROM generate_series(1,4)n;
INSERT INTO resources(id,tenant_id,branch_id,resource_type_id,code,name,capacity) SELECT ('46000000-0000-4000-8000-'||lpad(n::text,12,'0'))::uuid,'10000000-0000-4000-8000-000000000001',(CASE WHEN n%2=0 THEN '20000000-0000-4000-8000-000000000002' ELSE '20000000-0000-4000-8000-000000000001' END)::uuid,('45000000-0000-4000-8000-'||lpad((((n-1)%4)+1)::text,12,'0'))::uuid,'RES-'||n,'Resource '||n,1 FROM generate_series(1,12)n;
INSERT INTO service_resource_requirements(tenant_id,service_id,resource_type_id,quantity,is_exclusive) SELECT '10000000-0000-4000-8000-000000000001',('50000000-0000-4000-8000-'||lpad(s::text,12,'0'))::uuid,('45000000-0000-4000-8000-'||lpad((((s-1)%4)+1)::text,12,'0'))::uuid,1,true FROM generate_series(1,30)s;
INSERT INTO staff_profiles(id,tenant_id,membership_id,employee_code,display_name,status,employment_type,preferred_locale,hire_date) SELECT ('47000000-0000-4000-8000-'||lpad(n::text,12,'0'))::uuid,'10000000-0000-4000-8000-000000000001',('90000000-0000-4000-8000-'||lpad(n::text,12,'0'))::uuid,'EMP-'||n,CASE WHEN n=1 THEN 'Owner' WHEN n=2 THEN 'Manager' ELSE 'Staff '||n END,'ACTIVE',CASE WHEN n%3=0 THEN 'PART_TIME' ELSE 'FULL_TIME' END,'vi-VN',date '2025-01-01' FROM generate_series(1,12)n;
INSERT INTO staff_profiles(id,tenant_id,membership_id,employee_code,display_name,status,employment_type,preferred_locale,hire_date) VALUES ('47000000-0000-4000-8000-000000000013','10000000-0000-4000-8000-000000000001','90000000-0000-4000-8000-000000000013','EMP-13','Manager Branch B','ACTIVE','FULL_TIME','vi-VN',date '2025-01-01'),('47000000-0000-4000-8000-000000000014','10000000-0000-4000-8000-000000000001','90000000-0000-4000-8000-000000000014','EMP-14','Technician Branch B','ACTIVE','FULL_TIME','vi-VN',date '2025-01-01');
INSERT INTO staff_branch_assignments(tenant_id,staff_id,branch_id,is_primary,can_be_booked,effective_from) SELECT '10000000-0000-4000-8000-000000000001',('47000000-0000-4000-8000-'||lpad(n::text,12,'0'))::uuid,(CASE WHEN n%2=0 THEN '20000000-0000-4000-8000-000000000002' ELSE '20000000-0000-4000-8000-000000000001' END)::uuid,true,n>2,date '2025-01-01' FROM generate_series(1,12)n;
INSERT INTO staff_branch_assignments(tenant_id,staff_id,branch_id,is_primary,can_be_booked,effective_from) VALUES ('10000000-0000-4000-8000-000000000001','47000000-0000-4000-8000-000000000013','20000000-0000-4000-8000-000000000002',true,true,date '2025-01-01'),('10000000-0000-4000-8000-000000000001','47000000-0000-4000-8000-000000000014','20000000-0000-4000-8000-000000000002',true,true,date '2025-01-01');
INSERT INTO staff_skills(tenant_id,staff_id,skill_id,proficiency_level,status) SELECT '10000000-0000-4000-8000-000000000001',('47000000-0000-4000-8000-'||lpad(s::text,12,'0'))::uuid,('41000000-0000-4000-8000-'||lpad((((s+k-2)%10)+1)::text,12,'0'))::uuid,((s+k)%5)+1,'ACTIVE' FROM generate_series(1,12)s CROSS JOIN generate_series(1,2)k;
INSERT INTO shifts(id,tenant_id,branch_id,staff_id,start_at,end_at,break_minutes,status,source) SELECT ('48000000-0000-4000-8000-'||lpad(n::text,12,'0'))::uuid,'10000000-0000-4000-8000-000000000001',(CASE WHEN n%2=0 THEN '20000000-0000-4000-8000-000000000002' ELSE '20000000-0000-4000-8000-000000000001' END)::uuid,('47000000-0000-4000-8000-'||lpad((((n-1)%12)+1)::text,12,'0'))::uuid,timestamptz '2026-07-13 09:00:00+07'+(((n-1)%14)||' days')::interval,timestamptz '2026-07-13 17:00:00+07'+(((n-1)%14)||' days')::interval,60,CASE WHEN n%3=0 THEN 'DRAFT' ELSE 'PUBLISHED' END,'MANUAL' FROM generate_series(1,30)n;
INSERT INTO leave_requests(id,tenant_id,staff_id,branch_id,leave_type,start_at,end_at,reason,status,created_by_user_id) SELECT ('49000000-0000-4000-8000-'||lpad(n::text,12,'0'))::uuid,'10000000-0000-4000-8000-000000000001',('47000000-0000-4000-8000-'||lpad((((n-1)%12)+1)::text,12,'0'))::uuid,(CASE WHEN n%2=0 THEN '20000000-0000-4000-8000-000000000002' ELSE '20000000-0000-4000-8000-000000000001' END)::uuid,'ANNUAL',timestamptz '2026-08-01 09:00:00+07'+((n-1)||' days')::interval,timestamptz '2026-08-01 17:00:00+07'+((n-1)||' days')::interval,'Demo leave',CASE n%4 WHEN 0 THEN 'APPROVED' WHEN 1 THEN 'PENDING' WHEN 2 THEN 'REJECTED' ELSE 'CANCELLED' END,'30000000-0000-4000-8000-000000000001'::uuid FROM generate_series(1,8)n;
-- Sprint 3 deterministic fixtures. AvailabilityModule deliberately ignores appointments.
UPDATE services SET default_duration_min=60,prep_time_min=10,cleanup_time_min=10,booking_buffer_before_min=5,booking_buffer_after_min=5 WHERE id='50000000-0000-4000-8000-000000000001';
INSERT INTO staff_skills(tenant_id,staff_id,skill_id,proficiency_level,status) VALUES
('10000000-0000-4000-8000-000000000001','47000000-0000-4000-8000-000000000003','41000000-0000-4000-8000-000000000001',5,'ACTIVE'),
('10000000-0000-4000-8000-000000000001','47000000-0000-4000-8000-000000000003','41000000-0000-4000-8000-000000000002',5,'ACTIVE')
ON CONFLICT(tenant_id,staff_id,skill_id) DO UPDATE SET proficiency_level=excluded.proficiency_level,status='ACTIVE';
INSERT INTO shifts(id,tenant_id,branch_id,staff_id,start_at,end_at,status,source) VALUES
('48000000-0000-4000-8000-000000000101','10000000-0000-4000-8000-000000000001','20000000-0000-4000-8000-000000000001','47000000-0000-4000-8000-000000000003','2026-08-10 08:30:00+07','2026-08-10 18:00:00+07','PUBLISHED','MANUAL');
INSERT INTO staff_profiles(id,tenant_id,employee_code,display_name,status,employment_type,preferred_locale,hire_date) VALUES
('47000000-0000-4000-8000-000000000016','10000000-0000-4000-8000-000000000001','EMP-DST','DST Test Technician','ACTIVE','TEMPORARY','en-US','2026-01-01');
INSERT INTO staff_branch_assignments(tenant_id,staff_id,branch_id,is_primary,can_be_booked,effective_from) VALUES
('10000000-0000-4000-8000-000000000001','47000000-0000-4000-8000-000000000016','20000000-0000-4000-8000-000000000003',true,true,'2026-01-01');
INSERT INTO staff_skills(tenant_id,staff_id,skill_id,proficiency_level,status,certified_at) VALUES
('10000000-0000-4000-8000-000000000001','47000000-0000-4000-8000-000000000016','41000000-0000-4000-8000-000000000001',5,'ACTIVE','2026-01-01'),
('10000000-0000-4000-8000-000000000001','47000000-0000-4000-8000-000000000016','41000000-0000-4000-8000-000000000002',5,'ACTIVE','2026-01-01');
INSERT INTO shifts(id,tenant_id,branch_id,staff_id,start_at,end_at,status,source) VALUES
('48000000-0000-4000-8000-000000000102','10000000-0000-4000-8000-000000000001','20000000-0000-4000-8000-000000000003','47000000-0000-4000-8000-000000000016','2026-11-01 00:00:00-04','2026-11-01 04:00:00-05','PUBLISHED','MANUAL');
INSERT INTO availability_blocks(id,tenant_id,branch_id,staff_id,resource_id,block_type,title,start_at,end_at,status,source,source_reference,notes,created_by_user_id,updated_by_user_id) VALUES
('4a000000-0000-4000-8000-000000000001','10000000-0000-4000-8000-000000000001','20000000-0000-4000-8000-000000000001','47000000-0000-4000-8000-000000000003',NULL,'MANUAL','Training','2026-08-10 12:00:00+07','2026-08-10 13:00:00+07','ACTIVE',NULL,NULL,'Deterministic manual block','30000000-0000-4000-8000-000000000001','30000000-0000-4000-8000-000000000001'),
('4a000000-0000-4000-8000-000000000002','10000000-0000-4000-8000-000000000001','20000000-0000-4000-8000-000000000001','47000000-0000-4000-8000-000000000003',NULL,'EXTERNAL','External calendar','2026-08-10 14:00:00+07','2026-08-10 15:00:00+07','ACTIVE','google-calendar','demo-event-001','Deterministic external block','30000000-0000-4000-8000-000000000001','30000000-0000-4000-8000-000000000001'),
('4a000000-0000-4000-8000-000000000003','10000000-0000-4000-8000-000000000001','20000000-0000-4000-8000-000000000001',NULL,'46000000-0000-4000-8000-000000000001','MAINTENANCE','Chair maintenance','2026-08-11 09:00:00+07','2026-08-11 12:00:00+07','ACTIVE',NULL,NULL,'Deterministic maintenance','30000000-0000-4000-8000-000000000001','30000000-0000-4000-8000-000000000001');
INSERT INTO customers(id,tenant_id,display_name,phone_normalized,email_normalized,preferred_locale,is_guest) SELECT ('60000000-0000-4000-8000-'||lpad(n::text,12,'0'))::uuid,'10000000-0000-4000-8000-000000000001','Khách '||n,'+8490000'||lpad(n::text,4,'0'),'customer'||n||'@example.test',CASE WHEN n%2=0 THEN 'en-US' ELSE 'vi-VN' END,n=20 FROM generate_series(1,20)n;
INSERT INTO appointments(id,tenant_id,branch_id,customer_id,booking_reference,source,status,locale,timezone,start_at,end_at,schedule_version,contact_snapshot_json,policy_snapshot_json,pricing_summary_json,deposit_required_minor,deposit_status,expires_at,confirmed_at,cancelled_at,cancellation_reason_code,contact_verification_version,created_at,updated_at) SELECT ('70000000-0000-4000-8000-'||lpad(n::text,12,'0'))::uuid,'10000000-0000-4000-8000-000000000001','20000000-0000-4000-8000-000000000001',('60000000-0000-4000-8000-'||lpad((((n-1)%20)+1)::text,12,'0'))::uuid,'NS-'||upper(substr(md5(n::text),1,8)),'IMPORT',(ARRAY['CONFIRMED','PENDING_CONFIRMATION','PENDING_DEPOSIT','CANCELLED_BY_CUSTOMER','CANCELLED_BY_SALON','EXPIRED','CHECKED_IN','COMPLETED','NO_SHOW'])[((n-1)%9)+1],CASE WHEN n%2=0 THEN 'en-US' ELSE 'vi-VN' END,'Asia/Ho_Chi_Minh',timestamptz '2026-07-13 09:00+07'+(n||' hours')::interval,timestamptz '2026-07-13 10:00+07'+(n||' hours')::interval,1,jsonb_build_object('displayName','Khách '||(((n-1)%20)+1),'phone','+8490000'||lpad((((n-1)%20)+1)::text,4,'0'),'email','customer'||(((n-1)%20)+1)||'@example.test','verified',true),jsonb_build_object('confirmationPolicy','PUBLIC_AUTO_CONFIRM','holdTtlMinutes',10,'version',1),jsonb_build_object('amountMinor',110000,'currency','VND'),CASE WHEN ((n-1)%9)+1=3 THEN 50000 ELSE 0 END,CASE WHEN ((n-1)%9)+1=3 THEN 'PENDING' ELSE 'NOT_REQUIRED' END,CASE WHEN ((n-1)%9)+1 IN (2,3) THEN timestamptz '2026-07-20 00:00:00+07' ELSE NULL END,CASE WHEN ((n-1)%9)+1 IN (1,7,8,9) THEN timestamptz '2026-07-12 00:00:00+07' ELSE NULL END,CASE WHEN ((n-1)%9)+1 IN (4,5) THEN timestamptz '2026-07-12 00:00:00+07' ELSE NULL END,CASE WHEN ((n-1)%9)+1 IN (4,5) THEN 'DETERMINISTIC_SEED' ELSE NULL END,1,timestamptz '2026-07-12 00:00:00+07',timestamptz '2026-07-12 00:00:00+07' FROM generate_series(1,40)n;
INSERT INTO appointment_status_history(tenant_id,appointment_id,from_status,to_status,actor_type,reason_code,request_id,created_at) SELECT tenant_id,id,NULL,status,'SYSTEM','DETERMINISTIC_SEED','seed:sprint4',created_at FROM appointments;
INSERT INTO appointment_participants(id,tenant_id,appointment_id,customer_id,display_name,participant_order,is_booking_owner,created_at) SELECT ('71000000-0000-4000-8000-'||lpad(n::text,12,'0'))::uuid,a.tenant_id,a.id,a.customer_id,a.contact_snapshot_json->>'displayName',1,true,a.created_at FROM appointments a CROSS JOIN LATERAL (SELECT substring(a.id::text from 25)::bigint n) x;
INSERT INTO appointment_items(id,tenant_id,appointment_id,participant_id,service_id,sequence_no,status,service_start_at,service_end_at,staff_occupancy_start_at,staff_occupancy_end_at,resource_occupancy_start_at,resource_occupancy_end_at,duration_min,service_snapshot_json,price_snapshot_json,tax_snapshot_json,created_at,updated_at) SELECT ('72000000-0000-4000-8000-'||lpad(n::text,12,'0'))::uuid,a.tenant_id,a.id,('71000000-0000-4000-8000-'||lpad(n::text,12,'0'))::uuid,('50000000-0000-4000-8000-'||lpad((((n-1)%30)+1)::text,12,'0'))::uuid,1,CASE WHEN a.status IN('CANCELLED_BY_CUSTOMER','CANCELLED_BY_SALON','EXPIRED') THEN 'CANCELLED' ELSE 'CONFIRMED' END,a.start_at,a.end_at,a.start_at,a.end_at,a.start_at,a.end_at,60,jsonb_build_object('serviceId',('50000000-0000-4000-8000-'||lpad((((n-1)%30)+1)::text,12,'0'))::uuid,'code','SVC-'||(((n-1)%30)+1),'name',jsonb_build_object('vi-VN','Dịch vụ '||(((n-1)%30)+1),'en-US','Service '||(((n-1)%30)+1)),'durationMin',60,'version',1),jsonb_build_object('amount','110000','amountMinor',110000,'currency','VND','source','SEED','version',1),'{}',a.created_at,a.updated_at FROM appointments a CROSS JOIN LATERAL (SELECT substring(a.id::text from 25)::bigint n) x;
INSERT INTO appointment_item_staff_assignments(tenant_id,appointment_item_id,staff_id,assignment_role,status,assigned_at) SELECT '10000000-0000-4000-8000-000000000001',('72000000-0000-4000-8000-'||lpad(n::text,12,'0'))::uuid,('47000000-0000-4000-8000-'||lpad((((n-1)%12)+1)::text,12,'0'))::uuid,'PRIMARY','ACTIVE',timestamptz '2026-07-12 00:00:00+07' FROM generate_series(1,40)n;
INSERT INTO staff_schedule_reservations(tenant_id,branch_id,staff_id,appointment_item_id,reservation_type,status,start_at,end_at) SELECT a.tenant_id,a.branch_id,('47000000-0000-4000-8000-'||lpad((((n-1)%12)+1)::text,12,'0'))::uuid,('72000000-0000-4000-8000-'||lpad(n::text,12,'0'))::uuid,'APPOINTMENT','ACTIVE',a.start_at,a.end_at FROM appointments a CROSS JOIN LATERAL (SELECT substring(a.id::text from 25)::bigint n) x WHERE a.status IN('CONFIRMED','PENDING_CONFIRMATION','PENDING_DEPOSIT');
INSERT INTO slot_holds(id,tenant_id,branch_id,source,status,client_key_hash,request_fingerprint,availability_data_version,expires_at,created_by_user_id,created_at,updated_at) VALUES
('73000000-0000-4000-8000-000000000001','10000000-0000-4000-8000-000000000001','20000000-0000-4000-8000-000000000001','CUSTOMER_WEB','ACTIVE',md5('seed-active-client'),md5('seed-active-hold'),1,'2030-01-01 00:00:00+07',NULL,'2026-07-12 00:00:00+07','2026-07-12 00:00:00+07'),
('73000000-0000-4000-8000-000000000002','10000000-0000-4000-8000-000000000001','20000000-0000-4000-8000-000000000001','RECEPTION','EXPIRED',md5('seed-expired-client'),md5('seed-expired-hold'),1,'2026-01-01 00:10:00+07','30000000-0000-4000-8000-000000000001','2026-01-01 00:00:00+07','2026-01-01 00:10:00+07');
INSERT INTO slot_hold_items(id,tenant_id,slot_hold_id,service_id,sequence_no,selected_staff_id,service_start_at,service_end_at,staff_occupancy_start_at,staff_occupancy_end_at,resource_occupancy_start_at,resource_occupancy_end_at,service_snapshot_json,price_snapshot_json,tax_snapshot_json,resource_plan_json,availability_fingerprint) VALUES
('74000000-0000-4000-8000-000000000001','10000000-0000-4000-8000-000000000001','73000000-0000-4000-8000-000000000001','50000000-0000-4000-8000-000000000001',1,'47000000-0000-4000-8000-000000000003','2026-08-10 16:00:00+07','2026-08-10 17:00:00+07','2026-08-10 15:55:00+07','2026-08-10 17:15:00+07','2026-08-10 15:45:00+07','2026-08-10 17:15:00+07','{"serviceId":"50000000-0000-4000-8000-000000000001","code":"SVC-1","name":{"vi-VN":"Dịch vụ 1","en-US":"Service 1"},"durationMin":60,"version":1}','{"amount":"120000","amountMinor":120000,"currency":"VND","source":"BRANCH","version":1}','{}','[]',repeat('a',64)),
('74000000-0000-4000-8000-000000000002','10000000-0000-4000-8000-000000000001','73000000-0000-4000-8000-000000000002','50000000-0000-4000-8000-000000000001',1,'47000000-0000-4000-8000-000000000003','2026-01-01 09:00:00+07','2026-01-01 10:00:00+07','2026-01-01 08:55:00+07','2026-01-01 10:15:00+07','2026-01-01 08:45:00+07','2026-01-01 10:15:00+07','{"serviceId":"50000000-0000-4000-8000-000000000001","code":"SVC-1","name":{"vi-VN":"Dịch vụ 1","en-US":"Service 1"},"durationMin":60,"version":1}','{"amount":"120000","amountMinor":120000,"currency":"VND","source":"BRANCH","version":1}','{}','[]',repeat('b',64));
INSERT INTO staff_schedule_reservations(tenant_id,branch_id,staff_id,slot_hold_item_id,reservation_type,status,start_at,end_at,expires_at,released_at) VALUES
('10000000-0000-4000-8000-000000000001','20000000-0000-4000-8000-000000000001','47000000-0000-4000-8000-000000000003','74000000-0000-4000-8000-000000000001','HOLD','ACTIVE','2026-08-10 15:55:00+07','2026-08-10 17:15:00+07','2030-01-01 00:00:00+07',NULL),
('10000000-0000-4000-8000-000000000001','20000000-0000-4000-8000-000000000001','47000000-0000-4000-8000-000000000003','74000000-0000-4000-8000-000000000002','HOLD','EXPIRED','2026-01-01 08:55:00+07','2026-01-01 10:15:00+07','2026-01-01 00:10:00+07','2026-01-01 00:10:00+07');
INSERT INTO products(tenant_id,sku,name,kind) SELECT '10000000-0000-4000-8000-000000000001','SKU-'||n,'Sản phẩm '||n,CASE WHEN n<6 THEN 'CONSUMABLE' ELSE 'RETAIL' END FROM generate_series(1,10)n;
INSERT INTO vouchers(tenant_id,code,kind,usage_limit) VALUES('10000000-0000-4000-8000-000000000001','WELCOME10','PERCENTAGE',100),('10000000-0000-4000-8000-000000000001','NEW50K','FIXED_AMOUNT',50),('10000000-0000-4000-8000-000000000001','ADDONFREE','FREE_ADDON',25);
INSERT INTO loyalty_programs(tenant_id,name,status) VALUES('10000000-0000-4000-8000-000000000001','Rewards','ACTIVE');
INSERT INTO commission_rules(tenant_id,name,rule_json,status) VALUES('10000000-0000-4000-8000-000000000001','Service 10%','{"value":10}','ACTIVE'),('10000000-0000-4000-8000-000000000001','Retail 5%','{"value":5}','ACTIVE'); COMMIT;
